CensusId,State,County,TotalPop,Men,Women,Hispanic,White,Black,Native,Asian,Pacific,Citizen,Income,IncomeErr,IncomePerCap,IncomePerCapErr,Poverty,ChildPoverty,Professional,Service,Office,Construction,Production,Drive,Carpool,Transit,Walk,OtherTransp,WorkAtHome,MeanCommute,Employed,PrivateWork,PublicWork,SelfEmployed,FamilyWork,Unemployment
21001,Kentucky,Adair,18852,9308,9544,1.8,93.7,2.7,0.1,0.3,0.0,14756,33362.0,3062.0,18277,1090,21.6,30.7,27.6,15.1,24.1,9.7,23.4,84.3,8.9,0.5,2.6,0.8,2.9,22.7,7700,74.0,14.6,11.2,0.1,7.7
21003,Kentucky,Allen,20355,10014,10341,1.8,95.6,1.4,0.0,0.5,0.0,15294,41326.0,3445.0,20702,1277,17.2,21.8,25.2,14.3,21.3,13.9,25.3,77.6,12.1,0.0,2.8,2.6,5.0,25.1,8576,76.2,13.0,10.4,0.4,9.2
21005,Kentucky,Anderson,21761,10599,11162,1.5,94.4,2.3,0.0,0.6,0.0,16212,53974.0,3350.0,24353,1136,10.3,13.7,29.0,15.9,25.5,10.5,19.0,82.8,15.2,0.0,0.2,0.5,1.4,25.9,10646,66.7,26.5,6.8,0.1,6.9
21007,Kentucky,Ballard,8256,4098,4158,1.2,93.4,3.4,0.5,0.6,0.0,6420,42244.0,2473.0,24056,1442,16.3,25.0,26.9,16.5,23.2,12.0,21.4,85.9,6.4,1.8,0.8,2.5,2.6,23.7,3489,79.9,11.7,8.4,0.0,6.2
21009,Kentucky,Barren,42925,20895,22030,2.9,90.9,4.1,0.3,0.5,0.0,32185,38370.0,1807.0,20262,836,20.4,28.5,27.1,16.7,19.4,8.4,28.4,81.7,10.4,0.3,1.5,1.0,5.1,20.7,18672,76.7,15.0,8.0,0.3,7.6
21011,Kentucky,Bath,11978,5947,6031,1.4,95.7,1.6,0.1,0.0,0.0,8905,33483.0,2421.0,18719,2900,26.4,35.2,28.4,18.0,18.5,11.3,23.8,83.3,10.0,0.2,1.6,0.4,4.4,24.2,4045,68.8,21.1,9.9,0.2,14.0
21013,Kentucky,Bell,27950,13581,14369,0.5,94.6,3.2,0.0,0.3,0.0,21841,22443.0,1863.0,13701,633,38.0,51.6,23.6,18.5,25.9,14.0,18.0,75.4,16.2,0.2,3.5,1.6,3.1,21.7,8018,77.5,16.6,5.7,0.1,11.6
21015,Kentucky,Boone,124617,61530,63087,3.9,88.8,2.9,0.2,2.4,0.0,86782,66730.0,1965.0,29866,835,8.2,11.2,38.8,13.4,27.1,6.8,13.8,85.2,7.9,1.0,1.0,1.1,3.8,24.1,62624,85.2,11.3,3.5,0.1,5.6
21017,Kentucky,Bourbon,20013,9878,10135,6.9,85.1,7.1,0.0,0.2,0.0,14589,45208.0,2863.0,23620,1381,16.6,24.6,29.8,18.4,22.5,13.0,16.3,78.1,11.1,0.4,1.9,1.0,7.6,22.4,8984,78.6,13.7,7.5,0.3,9.9
21019,Kentucky,Boyd,48917,24241,24676,1.5,93.5,2.7,0.3,0.4,0.0,38377,42319.0,2715.0,25745,2632,20.4,30.2,34.7,17.7,23.9,10.4,13.4,82.3,11.1,0.3,3.5,1.2,1.6,21.1,18376,80.3,14.5,5.0,0.3,10.5
21021,Kentucky,Boyle,29388,14607,14781,3.1,86.4,6.9,0.0,0.8,0.0,22962,39704.0,2136.0,22368,1240,16.1,19.4,33.6,20.8,20.5,8.3,16.8,78.6,11.4,0.1,4.3,1.3,4.4,20.1,12218,75.8,16.3,7.8,0.2,7.1
21023,Kentucky,Bracken,8425,4203,4222,1.4,98.4,0.0,0.0,0.0,0.0,6317,36327.0,4162.0,21054,1204,18.5,26.6,29.9,14.1,21.2,14.9,20.0,81.1,12.0,0.0,1.7,0.6,4.6,37.8,3486,77.9,15.3,6.9,0.0,8.3
21025,Kentucky,Breathitt,13591,6829,6762,0.5,97.3,0.5,0.2,0.4,0.2,10642,25817.0,1366.0,15737,893,32.9,42.1,28.4,23.1,23.1,12.4,12.9,75.5,15.1,0.3,3.7,4.3,1.1,27.2,4239,68.9,24.5,6.4,0.1,12.4
21027,Kentucky,Breckinridge,20061,9945,10116,1.2,94.8,2.3,0.0,0.1,0.0,15325,43479.0,3250.0,19185,931,17.4,20.7,25.0,16.5,19.4,15.2,23.9,76.3,16.4,0.6,1.6,1.9,3.2,29.1,7683,76.7,15.8,7.2,0.3,11.5
21029,Kentucky,Bullitt,76961,38049,38912,1.6,95.3,0.5,0.2,0.5,0.1,58538,55975.0,2043.0,24458,615,10.4,13.6,26.2,13.0,28.0,11.3,21.5,86.4,9.2,0.4,0.8,0.7,2.6,27.5,37079,84.6,10.9,4.4,0.1,7.6
21031,Kentucky,Butler,12835,6450,6385,3.5,95.6,0.7,0.2,0.0,0.0,9740,33536.0,4414.0,18502,1212,29.3,46.0,26.7,13.0,23.1,13.9,23.3,85.4,7.8,0.1,1.3,2.7,2.7,27.0,5003,73.5,13.3,12.4,0.8,6.1
21033,Kentucky,Caldwell,12826,6191,6635,1.4,91.4,5.8,0.0,0.0,0.3,9933,42537.0,6024.0,20840,1401,20.1,32.5,33.9,15.8,18.6,10.8,21.0,82.3,6.9,0.3,2.1,7.6,0.9,22.0,5396,69.4,18.1,12.4,0.0,8.7
21035,Kentucky,Calloway,38106,18379,19727,2.5,89.6,3.9,0.3,2.2,0.0,29804,37034.0,2435.0,20701,974,23.1,22.6,31.7,17.6,26.4,9.1,15.2,82.0,7.3,0.3,6.0,1.7,2.7,17.5,16904,71.9,20.9,7.0,0.1,9.1
21037,Kentucky,Campbell,91475,44858,46617,1.8,92.5,3.2,0.1,0.8,0.0,69969,54621.0,1722.0,28248,782,14.6,20.5,38.3,15.7,26.9,7.7,11.5,82.6,7.8,2.2,3.4,1.1,2.9,22.1,45872,83.9,12.2,3.8,0.0,6.8
21039,Kentucky,Carlisle,4984,2402,2582,2.2,94.7,1.6,0.7,0.1,0.0,3871,38829.0,2775.0,21499,1393,19.8,38.2,22.9,22.5,21.0,13.3,20.2,82.7,8.9,0.0,0.1,2.7,5.7,25.5,2122,73.2,17.7,9.0,0.2,6.8
21041,Kentucky,Carroll,10830,5590,5240,6.8,88.9,2.4,0.2,0.1,0.0,7718,41439.0,2384.0,20129,1401,27.9,40.8,20.6,15.5,22.3,14.5,27.1,82.1,13.5,0.0,1.9,0.4,2.0,18.7,4263,82.6,12.9,4.2,0.2,13.2
21043,Kentucky,Carter,27326,13502,13824,1.2,96.7,0.8,0.2,0.1,0.0,21031,36696.0,2216.0,18948,973,17.6,24.2,25.4,17.1,23.5,15.6,18.3,77.8,14.3,0.2,4.9,0.6,2.3,31.4,10039,80.1,15.5,4.3,0.1,11.1
21045,Kentucky,Casey,15954,7857,8097,2.7,95.2,0.8,0.1,0.2,0.0,12186,32341.0,2241.0,17526,1211,25.5,34.3,28.4,13.3,23.0,11.1,24.1,82.1,10.5,0.0,0.5,1.9,5.1,29.2,5926,75.1,16.3,8.2,0.5,9.0
21047,Kentucky,Christian,74159,38891,35268,7.1,67.5,19.3,0.4,1.4,0.3,52080,39521.0,1656.0,19614,728,19.9,26.1,29.2,17.9,22.6,9.7,20.7,76.5,10.6,0.4,8.6,1.6,2.4,17.0,23856,72.7,20.9,6.2,0.2,12.7
21049,Kentucky,Clark,35657,17464,18193,2.8,90.4,5.3,0.0,0.6,0.0,27221,47959.0,2888.0,25492,1417,15.4,20.4,33.2,14.6,25.5,10.4,16.3,82.6,10.0,0.5,2.1,1.0,3.7,23.3,15950,79.9,14.2,5.3,0.6,7.9
21051,Kentucky,Clay,21300,11415,9885,1.8,92.7,3.8,0.3,0.1,0.0,16637,21549.0,1892.0,13802,911,39.7,50.4,25.2,18.0,24.1,15.0,17.7,78.6,16.1,0.0,2.3,0.8,2.1,28.5,5459,69.0,24.8,5.7,0.5,15.9
21053,Kentucky,Clinton,10188,5052,5136,2.7,96.3,0.6,0.0,0.2,0.0,7663,28025.0,2629.0,16712,1273,24.3,29.4,24.7,17.1,20.5,9.8,27.9,84.6,11.2,0.3,0.4,1.1,2.5,19.1,3555,72.2,20.3,7.5,0.0,9.3
21055,Kentucky,Crittenden,9222,4625,4597,0.7,96.7,1.2,0.2,0.0,0.0,7083,35316.0,3742.0,21248,1552,21.9,29.9,26.7,16.4,19.1,15.0,22.8,80.3,12.2,0.3,1.5,1.2,4.6,27.2,3645,74.5,16.7,8.7,0.1,7.1
21057,Kentucky,Cumberland,6807,3313,3494,0.2,94.7,3.0,0.0,0.3,0.0,5278,32019.0,3342.0,17571,2018,25.1,31.6,30.7,16.6,20.3,11.6,20.7,83.0,8.7,2.3,0.4,0.8,4.8,20.8,2449,74.8,17.7,7.6,0.0,10.2
21059,Kentucky,Daviess,98173,47590,50583,2.7,89.4,4.5,0.1,0.9,0.0,73187,45989.0,1577.0,23952,581,15.6,22.9,29.6,18.0,24.6,9.3,18.6,87.1,7.6,0.3,2.4,0.8,1.8,18.7,43941,82.9,11.5,5.3,0.3,6.8
21061,Kentucky,Edmonson,12105,6077,6028,1.6,95.9,1.5,0.2,0.1,0.0,9649,41710.0,3938.0,20304,1432,19.2,16.5,24.7,19.4,22.4,16.4,17.1,79.6,12.4,0.0,5.6,1.5,1.0,30.3,4730,72.2,21.0,6.8,0.1,8.9
21063,Kentucky,Elliott,7725,4345,3380,0.6,96.7,2.4,0.1,0.1,0.0,6259,28224.0,5065.0,15319,1490,31.3,40.8,23.7,22.1,12.7,24.1,17.4,82.1,12.3,0.5,2.2,0.9,1.9,34.0,2088,66.6,24.3,8.3,0.9,6.2
21065,Kentucky,Estill,14476,7118,7358,0.1,97.9,0.1,0.1,0.0,0.0,11269,29770.0,4117.0,16446,980,29.3,39.3,20.6,16.7,19.5,11.0,32.2,77.5,17.3,0.0,0.7,1.4,3.1,33.9,4855,76.5,16.9,6.2,0.4,11.8
21067,Kentucky,Fayette,308306,151459,156847,6.9,72.4,14.3,0.2,3.5,0.0,225708,49778.0,810.0,30031,553,18.9,23.3,42.5,18.9,23.4,6.2,8.9,79.1,9.6,1.9,3.7,1.8,3.9,20.2,157198,78.4,16.5,4.9,0.1,6.9
21069,Kentucky,Fleming,14544,7179,7365,1.2,96.2,1.4,0.0,0.0,0.0,10965,35469.0,4094.0,21453,2364,20.1,25.5,27.3,13.0,23.8,16.5,19.5,81.0,12.5,0.4,1.5,0.4,4.2,28.6,5897,75.4,15.3,9.3,0.0,9.7
21071,Kentucky,Floyd,38649,19048,19601,0.7,97.4,0.8,0.1,0.3,0.0,30059,30096.0,2551.0,18173,1067,30.0,43.4,29.4,18.7,25.8,15.5,10.6,85.1,11.0,0.1,1.6,0.5,1.7,24.6,11922,71.2,22.3,6.4,0.0,9.7
21073,Kentucky,Franklin,49778,24271,25507,2.9,82.2,10.4,0.2,1.6,0.0,38327,47964.0,2842.0,26778,884,14.6,22.8,36.4,14.8,24.7,9.5,14.5,83.8,9.9,1.4,1.8,0.6,2.5,18.2,22601,60.2,34.1,5.5,0.1,8.7
21075,Kentucky,Fulton,6422,3169,3253,1.5,71.5,24.9,0.1,0.1,0.0,5054,28359.0,4067.0,18082,1404,27.4,36.0,29.1,22.8,17.8,6.9,23.4,82.2,7.9,0.5,2.5,2.3,4.6,20.5,2274,75.2,17.2,6.7,0.8,12.0
21077,Kentucky,Gallatin,8567,4289,4278,5.0,91.5,1.1,0.0,0.6,0.0,6181,48370.0,3904.0,21634,1397,15.3,22.7,21.3,16.8,23.5,13.1,25.3,83.4,11.5,0.1,1.9,0.6,2.5,27.7,3821,82.4,12.6,4.6,0.5,6.0
21079,Kentucky,Garrard,16976,8332,8644,2.3,94.2,1.3,0.0,0.1,0.0,12979,44243.0,2240.0,22567,1683,21.7,32.9,28.5,15.9,22.7,15.5,17.4,81.1,11.1,0.4,0.7,1.2,5.4,33.2,7138,77.0,15.6,7.4,0.0,11.4
21081,Kentucky,Grant,24670,12239,12431,2.5,94.2,0.3,0.1,0.0,0.0,17595,44824.0,3492.0,19667,934,18.4,27.9,22.2,17.1,24.7,10.9,25.1,81.7,13.9,0.2,0.9,1.0,2.4,30.0,10215,81.7,14.3,4.0,0.0,6.8
21083,Kentucky,Graves,37502,18263,19239,5.9,87.2,5.0,0.1,0.3,0.0,27522,39530.0,2015.0,20805,943,17.3,23.1,27.9,19.2,22.3,11.9,18.7,85.3,7.0,0.4,0.8,1.5,4.9,23.2,15840,77.0,14.3,8.6,0.0,7.2
21085,Kentucky,Grayson,26001,12950,13051,1.2,95.5,1.2,0.2,0.2,0.0,19607,35030.0,2737.0,19902,1864,24.0,34.4,28.0,12.7,19.2,16.0,24.2,80.4,14.6,0.1,0.6,1.2,3.2,27.3,10342,75.5,16.6,7.6,0.3,9.3
21087,Kentucky,Green,11149,5455,5694,0.2,94.6,3.0,0.0,0.6,0.0,8684,34982.0,4555.0,19563,1688,20.1,22.8,21.9,19.0,21.6,9.1,28.4,81.4,12.0,0.2,0.5,1.4,4.5,28.4,4459,74.7,15.4,9.7,0.3,9.0
21089,Kentucky,Greenup,36477,17709,18768,1.0,96.3,0.8,0.1,0.4,0.0,28331,45370.0,1926.0,23649,1160,17.7,24.7,34.5,17.2,22.9,9.9,15.4,86.8,9.9,0.4,0.9,0.5,1.6,24.2,13500,79.9,15.0,5.0,0.1,10.1
21091,Kentucky,Hancock,8669,4448,4221,1.4,96.0,1.0,0.0,0.0,0.0,6437,50476.0,3754.0,22330,1101,15.8,27.1,23.4,15.1,18.5,11.0,32.0,87.9,7.9,0.1,0.8,1.1,2.1,25.3,3647,85.1,11.1,3.6,0.1,5.9
21093,Kentucky,Hardin,107529,53651,53878,5.6,76.5,11.2,0.2,2.3,0.4,78352,50765.0,1766.0,24845,657,14.3,22.7,33.8,16.6,25.2,8.3,16.2,81.0,11.5,0.5,2.6,1.3,3.2,22.4,46001,72.8,22.7,4.5,0.0,8.2
21095,Kentucky,Harlan,28400,13877,14523,0.8,95.2,2.4,0.2,0.4,0.2,21907,25814.0,1880.0,15840,704,31.2,42.0,28.2,20.0,22.8,15.0,14.0,79.6,15.9,0.8,1.7,0.6,1.4,21.7,8189,74.0,20.2,5.8,0.1,9.8
21097,Kentucky,Harrison,18648,9105,9543,2.1,93.8,2.1,0.3,0.1,0.0,14131,35681.0,2545.0,20490,1615,22.2,27.4,23.8,17.0,23.7,7.9,27.5,83.3,10.8,0.1,1.8,1.7,2.4,26.2,7303,80.1,14.3,5.6,0.0,8.1
21099,Kentucky,Hart,18441,9109,9332,1.6,92.0,4.7,0.2,0.2,0.0,13823,34774.0,2799.0,18993,1789,24.9,31.4,21.2,17.8,18.9,14.9,27.1,74.2,16.3,0.3,2.2,2.2,4.8,28.2,6958,71.2,14.6,13.6,0.6,9.6
21101,Kentucky,Henderson,46396,22456,23940,2.2,87.0,7.1,0.1,0.4,0.0,35223,41036.0,2205.0,22628,962,19.0,28.4,28.7,17.6,24.3,9.4,20.1,86.0,8.7,0.5,1.5,0.7,2.5,20.7,20337,80.7,14.1,5.1,0.1,8.0
21103,Kentucky,Henry,15455,7698,7757,3.2,91.8,3.5,0.3,0.0,0.0,11628,46495.0,2717.0,21806,1047,18.3,29.3,26.4,19.8,19.9,12.8,21.0,81.7,12.9,0.3,1.1,0.9,3.0,30.5,7099,75.9,13.6,10.4,0.2,6.6
21105,Kentucky,Hickman,4720,2245,2475,1.0,87.6,9.1,0.0,0.5,0.0,3777,41218.0,3677.0,19597,1378,15.0,21.0,24.2,21.6,17.8,20.1,16.3,81.9,8.1,0.0,1.0,1.4,7.6,19.3,1742,76.1,15.0,9.0,0.0,8.8
21107,Kentucky,Hopkins,46518,22603,23915,1.8,89.0,5.9,0.2,0.5,0.0,35633,42346.0,1747.0,22517,797,17.2,26.6,30.7,16.9,22.1,12.7,17.5,88.2,6.5,0.1,2.0,1.5,1.6,21.5,19388,76.8,17.0,6.1,0.2,6.7
21109,Kentucky,Jackson,13357,6650,6707,0.1,99.6,0.0,0.0,0.0,0.0,10312,29826.0,2574.0,16405,1451,31.4,43.3,29.5,9.9,23.9,10.9,25.8,80.2,15.8,1.4,0.8,1.0,0.7,28.1,3993,72.9,22.1,5.0,0.0,12.3
21111,Kentucky,Jefferson,755809,364719,391090,4.7,69.5,20.5,0.1,2.4,0.0,557487,48695.0,711.0,28822,339,16.4,24.2,37.0,16.4,24.8,6.6,15.3,82.0,8.4,2.7,2.1,1.5,3.2,22.1,361510,84.0,11.5,4.4,0.1,8.4
21113,Kentucky,Jessamine,50328,24638,25690,2.9,90.4,3.6,0.1,1.1,0.0,36686,50558.0,2236.0,26230,1488,19.1,28.3,34.5,18.4,22.8,11.5,12.8,80.3,12.1,0.3,2.3,0.2,4.8,25.4,23096,80.4,13.1,6.1,0.4,8.8
21115,Kentucky,Johnson,23350,11406,11944,0.5,97.7,0.4,0.1,0.6,0.0,17985,35570.0,1792.0,18436,1267,26.3,33.1,30.4,16.5,26.5,15.2,11.3,86.6,9.0,0.1,2.2,0.1,1.9,26.7,7136,75.1,19.9,5.0,0.0,9.1
21117,Kentucky,Kenton,163007,80417,82590,2.9,89.2,4.5,0.2,1.2,0.0,120604,54296.0,1616.0,27847,593,14.6,23.0,35.8,15.5,26.6,7.5,14.6,83.6,8.7,2.3,1.7,0.8,2.9,23.3,79447,86.1,10.6,3.2,0.1,7.7
21119,Kentucky,Knott,16000,7942,8058,0.8,97.5,0.8,0.0,0.0,0.1,12599,30411.0,3850.0,17939,1302,28.1,41.1,31.4,18.1,23.8,15.2,11.5,83.5,6.5,0.5,4.5,2.6,2.3,27.5,4755,69.8,23.5,6.5,0.3,14.6
21121,Kentucky,Knox,31809,15487,16322,1.1,96.2,1.1,0.4,0.0,0.0,24239,26599.0,2214.0,15599,1115,32.6,48.8,25.8,18.6,25.4,11.1,19.2,85.8,9.5,0.9,1.4,0.2,2.1,20.9,9477,77.0,17.9,4.6,0.4,15.7
21123,Kentucky,Larue,14149,6949,7200,3.0,91.9,3.5,0.0,0.3,0.0,10810,38578.0,3292.0,20570,1624,17.8,28.8,22.0,15.1,19.6,15.9,27.4,81.0,12.8,0.0,4.1,0.4,1.7,26.3,5771,78.9,12.3,8.6,0.3,9.3
21125,Kentucky,Laurel,59751,29281,30470,1.4,95.9,0.9,0.3,0.6,0.0,45016,36020.0,1271.0,18795,681,23.1,34.2,25.5,16.2,28.3,8.8,21.2,84.6,10.7,0.2,1.2,0.6,2.7,20.6,22079,80.0,15.0,4.9,0.1,12.4
21127,Kentucky,Lawrence,15821,7836,7985,0.7,97.8,0.2,0.0,0.6,0.0,12084,35935.0,4264.0,18890,1474,22.7,26.5,23.7,18.2,25.1,15.1,17.9,82.3,9.6,0.2,1.4,2.8,3.8,33.8,5366,78.1,17.6,4.3,0.0,7.8
21129,Kentucky,Lee,7119,3752,3367,0.8,96.5,0.9,0.5,0.2,0.0,5636,22698.0,3375.0,13688,1669,32.0,35.6,29.8,12.0,26.3,14.3,17.5,87.9,7.6,0.0,1.2,2.5,0.8,27.8,1694,63.9,30.2,5.4,0.5,12.2
21131,Kentucky,Leslie,10997,5428,5569,0.4,98.6,0.7,0.1,0.0,0.0,8608,25872.0,4978.0,15558,1328,28.5,32.2,28.8,20.5,17.7,18.3,14.7,83.6,12.8,1.9,1.2,0.3,0.1,29.8,2816,76.2,20.0,3.7,0.1,17.0
21133,Kentucky,Letcher,23671,11632,12039,0.7,97.9,0.2,0.1,0.6,0.0,18432,30333.0,2764.0,17194,1010,28.4,40.9,34.1,15.7,22.8,15.1,12.3,81.9,11.7,0.3,1.3,1.8,3.0,25.2,7281,73.9,20.8,5.1,0.2,12.6
21135,Kentucky,Lewis,13790,6899,6891,0.7,98.0,0.3,0.3,0.1,0.0,10604,28630.0,2096.0,16662,1191,30.8,42.7,26.2,17.9,13.9,19.4,22.6,78.0,12.9,0.8,1.7,2.8,3.8,32.1,4643,72.9,14.5,12.6,0.0,8.4
21137,Kentucky,Lincoln,24498,11827,12671,1.6,94.4,2.7,0.1,0.3,0.0,18629,37139.0,1784.0,18564,968,25.0,34.1,25.5,17.2,20.7,13.0,23.6,81.8,10.1,0.1,1.3,0.1,6.7,29.6,9202,78.3,13.8,7.8,0.1,10.5
21139,Kentucky,Livingston,9394,4636,4758,1.5,96.3,0.2,0.2,0.4,0.0,7451,42171.0,4811.0,23079,2846,14.7,16.1,21.0,14.6,21.0,22.6,20.7,87.5,8.1,0.6,0.9,0.5,2.5,26.7,3840,80.2,13.9,5.9,0.0,6.7
21141,Kentucky,Logan,26851,13283,13568,2.7,88.6,6.4,0.2,0.0,0.0,20270,38570.0,2613.0,19126,945,19.3,27.4,23.9,16.9,20.0,13.3,26.0,87.8,6.7,0.2,1.3,1.4,2.6,23.0,10471,80.4,12.8,6.5,0.2,7.7
21143,Kentucky,Lyon,8402,4588,3814,0.7,91.2,6.2,0.1,0.4,0.0,7137,46931.0,3437.0,24723,2393,14.3,28.1,29.1,21.3,24.6,10.0,15.1,86.8,7.5,0.2,3.5,0.6,1.4,21.6,2655,74.5,20.0,5.3,0.2,7.6
21145,Kentucky,McCracken,65408,31320,34088,2.3,83.7,10.8,0.3,0.9,0.1,50289,44067.0,2174.0,28577,1784,16.8,26.6,32.2,19.0,25.2,9.5,14.0,87.5,7.4,0.3,1.2,1.1,2.5,17.6,29043,79.3,13.5,7.0,0.2,6.1
21147,Kentucky,McCreary,18001,9863,8138,2.2,89.9,5.6,0.4,0.0,0.0,13814,19328.0,2179.0,10880,898,41.0,48.8,20.7,19.4,26.5,11.3,22.1,80.1,13.0,0.1,1.4,4.1,1.3,28.9,4377,77.8,15.7,5.7,0.8,19.0
21149,Kentucky,McLean,9500,4699,4801,1.3,96.5,0.4,0.3,0.3,0.0,7217,40770.0,3639.0,20910,1219,21.1,37.4,30.5,14.1,20.8,12.7,21.9,85.5,7.8,0.4,1.0,0.3,5.0,27.3,3938,73.8,16.4,9.6,0.1,8.4
21151,Kentucky,Madison,85838,41648,44190,2.3,90.1,4.4,0.4,0.9,0.1,66738,42390.0,2162.0,21977,683,21.0,21.9,36.2,20.4,23.2,7.1,13.1,79.1,9.2,0.4,5.9,2.7,2.6,22.1,39435,76.9,18.8,4.2,0.2,8.6
21153,Kentucky,Magoffin,12979,6515,6464,0.3,99.5,0.1,0.0,0.0,0.0,9957,28500.0,3420.0,16046,1198,28.6,39.9,28.1,19.1,16.1,20.0,16.8,79.6,16.9,0.1,0.6,0.6,2.2,31.7,3663,74.0,22.7,2.9,0.4,12.2
21155,Kentucky,Marion,19717,9994,9723,2.5,87.2,8.5,0.0,0.9,0.0,14725,38826.0,3588.0,19347,1293,20.3,27.0,25.3,18.5,17.8,10.2,28.2,80.5,10.7,0.7,3.6,0.8,3.8,21.5,7818,76.4,15.1,8.1,0.4,9.2
21157,Kentucky,Marshall,31181,15341,15840,1.3,97.0,0.4,0.1,0.3,0.0,24715,45212.0,2855.0,23707,1158,10.8,14.5,30.2,17.2,21.5,10.8,20.2,85.0,8.3,0.4,0.9,1.4,3.9,22.5,13051,78.1,15.0,6.6,0.2,7.7
21159,Kentucky,Martin,12631,7020,5611,1.5,93.2,4.7,0.1,0.0,0.0,9945,25795.0,4616.0,14179,1707,35.2,43.0,27.2,16.4,20.6,22.4,13.3,85.7,9.9,0.6,1.7,0.8,1.4,34.8,2445,74.2,21.0,4.8,0.0,20.6
21161,Kentucky,Mason,17296,8471,8825,0.4,89.6,6.8,0.2,0.3,0.0,13148,38824.0,2186.0,23773,2055,18.2,25.0,30.9,16.5,22.9,12.4,17.4,82.2,11.6,0.6,1.9,1.6,2.1,24.9,7127,78.0,16.3,5.6,0.1,6.2
21163,Kentucky,Meade,29098,14672,14426,3.9,88.9,3.7,0.3,0.8,0.0,21511,49884.0,1918.0,23473,1737,16.7,23.5,27.3,16.8,21.0,17.5,17.5,87.6,9.4,0.2,0.5,0.4,2.0,30.7,11311,75.2,21.5,3.3,0.0,11.5
21165,Kentucky,Menifee,6343,3279,3064,2.3,96.1,0.4,0.0,0.3,0.0,4833,31503.0,3675.0,16768,1280,29.9,47.6,21.5,22.1,17.5,13.0,25.9,83.7,10.7,2.3,1.5,0.3,1.5,30.9,2200,68.2,25.5,6.4,0.0,14.7
21167,Kentucky,Mercer,21342,10537,10805,2.4,91.6,3.8,0.1,0.5,0.0,16262,42083.0,4083.0,22658,988,18.3,27.5,29.1,15.4,22.2,12.7,20.6,84.8,8.4,0.0,1.3,0.7,4.7,24.5,9331,75.8,16.0,7.1,1.1,11.5
21169,Kentucky,Metcalfe,9985,4942,5043,1.5,93.9,1.1,0.2,0.3,0.2,7688,32294.0,2849.0,17608,1077,21.9,31.5,24.5,12.8,24.7,10.2,27.8,83.1,7.9,0.0,1.6,0.5,7.0,22.9,4014,70.5,14.9,13.8,0.9,7.4
21171,Kentucky,Monroe,10765,5344,5421,3.0,93.6,2.6,0.0,0.1,0.0,8142,31045.0,1990.0,17635,1104,27.7,43.1,29.9,13.4,18.8,13.2,24.8,78.0,12.8,0.6,1.2,0.6,6.7,23.8,3943,72.1,15.3,11.4,1.2,9.5
21173,Kentucky,Montgomery,27167,13368,13799,2.5,93.1,2.9,0.3,0.0,0.1,20441,39275.0,3473.0,20850,1602,26.0,35.6,28.0,14.6,22.3,11.8,23.3,82.1,14.2,0.1,1.1,1.0,1.6,24.0,10948,77.7,16.6,5.5,0.2,10.4
21175,Kentucky,Morgan,13428,7477,5951,1.0,93.6,3.2,0.1,0.3,0.0,10802,29707.0,2980.0,16007,1067,27.7,41.2,28.4,19.7,17.8,17.0,17.1,84.5,11.1,0.0,1.4,0.6,2.4,35.4,3744,64.6,29.3,5.7,0.4,9.6
21177,Kentucky,Muhlenberg,31309,15881,15428,0.5,92.4,5.2,0.3,0.2,0.2,24617,38961.0,2438.0,19609,981,19.9,29.7,24.5,17.0,19.3,14.0,25.2,86.0,9.1,0.2,0.9,2.2,1.6,22.9,11534,74.2,19.5,6.0,0.3,10.3
21179,Kentucky,Nelson,44564,22027,22537,2.1,90.7,5.2,0.2,0.3,0.0,32991,49298.0,2651.0,24699,1834,16.0,24.7,26.3,15.7,21.9,10.7,25.5,85.3,9.9,0.0,1.1,0.5,3.2,26.3,20232,81.6,13.0,5.3,0.1,9.8
21181,Kentucky,Nicholas,7075,3448,3627,0.7,96.4,1.5,0.4,0.0,0.0,5406,36097.0,3292.0,20039,1531,23.5,37.3,26.0,16.5,21.8,13.2,22.6,81.8,12.3,0.0,1.6,0.2,4.1,31.4,2877,77.6,14.0,8.0,0.3,7.7
21183,Kentucky,Ohio,24065,11989,12076,3.7,94.2,1.4,0.0,0.1,0.0,18003,40189.0,2883.0,19254,1236,22.0,35.6,26.4,15.8,19.4,14.6,23.8,79.8,16.0,0.4,1.9,0.6,1.3,25.6,8906,79.7,14.8,5.5,0.0,9.6
21185,Kentucky,Oldham,63037,33307,29730,3.8,88.6,4.1,0.1,1.4,0.0,45682,85452.0,2772.0,34423,1303,6.0,8.4,45.3,13.0,24.1,7.4,10.2,85.3,6.8,0.6,1.0,0.6,5.7,26.6,29304,82.8,11.9,5.2,0.2,4.3
21187,Kentucky,Owen,10711,5258,5453,2.5,95.2,1.6,0.2,0.1,0.1,8140,41934.0,4265.0,22878,2565,16.8,23.0,24.5,18.4,19.2,11.9,26.0,80.9,11.2,0.3,0.4,1.5,5.7,29.7,4351,69.1,22.0,8.4,0.4,8.6
21189,Kentucky,Owsley,4616,2156,2460,0.5,95.6,1.1,0.2,0.9,0.0,3635,20985.0,3161.0,15158,1576,37.9,40.2,33.0,25.3,18.7,15.4,7.7,83.4,8.2,0.0,1.8,3.4,3.1,21.0,1211,53.2,35.5,11.3,0.0,8.8
21191,Kentucky,Pendleton,14514,7237,7277,1.1,97.1,0.6,0.1,0.0,0.0,11139,48353.0,4990.0,23725,1908,15.3,23.0,24.2,13.2,20.6,16.8,25.1,85.8,11.0,0.9,0.3,0.1,2.0,35.9,6507,80.1,12.0,7.7,0.2,6.4
21193,Kentucky,Perry,28041,13848,14193,0.6,95.9,1.4,0.1,0.6,0.2,21857,32667.0,3938.0,18910,1288,25.4,29.3,30.7,18.1,26.2,13.6,11.4,84.2,8.0,0.3,0.8,4.2,2.5,21.6,9364,75.7,19.5,4.8,0.0,13.9
21195,Kentucky,Pike,63434,31019,32415,0.8,97.2,0.9,0.1,0.6,0.0,49616,33183.0,1404.0,20061,656,22.9,28.7,29.2,17.5,24.1,15.7,13.5,83.6,9.8,0.8,2.7,0.9,2.2,24.5,20861,76.3,19.3,4.4,0.1,10.7
21197,Kentucky,Powell,12447,6114,6333,1.3,96.8,0.4,0.0,0.3,0.1,9383,29736.0,4655.0,17241,1765,28.1,32.2,24.9,18.0,18.3,12.0,26.7,74.4,21.6,0.0,1.1,1.1,1.8,27.5,4360,77.1,16.4,6.5,0.0,8.3
21199,Kentucky,Pulaski,63635,31151,32484,2.3,94.5,0.9,0.1,0.6,0.1,48795,34790.0,2528.0,20215,1118,26.3,35.6,29.7,18.9,26.4,9.8,15.1,84.9,9.9,0.3,1.7,1.3,1.9,19.9,25669,78.8,15.3,5.6,0.3,9.1
21201,Kentucky,Robertson,2208,1100,1108,0.0,99.1,0.0,0.2,0.0,0.0,1791,31741.0,3839.0,19246,2393,22.0,41.0,31.4,19.5,11.3,15.5,22.3,77.8,15.1,0.0,1.1,0.5,5.5,30.3,806,78.4,18.4,3.2,0.0,6.7
21203,Kentucky,Rockcastle,16942,8313,8629,0.6,97.7,0.2,1.2,0.0,0.0,13148,31555.0,2508.0,16963,978,24.7,31.7,21.8,21.1,24.7,11.8,20.7,86.2,8.7,0.6,1.1,1.3,2.0,25.7,6015,77.8,17.8,4.4,0.0,11.0
21205,Kentucky,Rowan,23608,11316,12292,1.2,94.3,1.7,0.3,0.5,0.0,18786,36860.0,3376.0,18185,1063,26.0,34.7,30.4,24.6,22.4,8.4,14.2,84.6,9.1,1.8,1.9,0.2,2.5,19.4,10022,69.4,24.6,5.6,0.4,6.5
21207,Kentucky,Russell,17669,8644,9025,3.5,94.2,0.3,0.1,0.1,0.9,13466,30720.0,1909.0,17010,1037,25.8,36.5,28.6,16.8,20.3,10.7,23.7,85.2,7.9,0.3,1.6,2.2,2.8,20.6,6014,75.4,16.7,7.8,0.0,11.8
21209,Kentucky,Scott,50178,24733,25445,4.3,87.4,5.2,0.1,0.9,0.0,36088,63027.0,2780.0,28232,1279,11.0,15.6,34.6,15.9,20.0,8.6,20.9,83.2,9.5,0.4,2.3,1.0,3.7,21.5,25105,80.0,14.8,5.0,0.1,6.9
21211,Kentucky,Shelby,44290,21324,22966,8.8,80.6,7.1,0.0,0.9,0.0,31354,60324.0,2729.0,27631,1066,13.0,17.1,34.4,17.6,23.4,10.3,14.2,80.1,12.7,0.1,2.8,0.5,3.8,24.4,21103,79.5,13.8,6.5,0.2,5.7
21213,Kentucky,Simpson,17704,8717,8987,2.0,85.4,10.3,0.4,0.2,0.0,13276,39679.0,3954.0,19397,982,20.1,30.8,25.7,16.1,25.1,9.7,23.5,86.1,7.9,0.2,1.4,2.5,1.9,21.6,7524,80.9,10.7,8.2,0.2,7.0
21215,Kentucky,Spencer,17577,8801,8776,1.8,94.6,1.3,0.3,0.4,0.0,13285,63000.0,3435.0,27016,1407,8.4,8.0,32.0,12.3,25.1,12.3,18.2,89.0,7.0,0.2,0.8,1.1,1.9,32.7,8691,85.1,10.1,4.8,0.0,6.4
21217,Kentucky,Taylor,24993,12128,12865,2.1,90.4,4.0,0.1,0.9,0.0,19134,33340.0,2455.0,18120,901,23.7,36.5,25.3,17.2,27.9,10.3,19.3,79.5,10.5,0.1,3.8,1.7,4.4,18.8,10395,78.6,14.3,7.1,0.0,9.6
21219,Kentucky,Todd,12524,6255,6269,4.0,85.4,8.4,0.0,0.0,0.0,9011,40497.0,4357.0,19042,1055,18.5,22.6,22.8,13.4,18.9,15.9,29.0,81.9,10.7,0.1,1.4,2.4,3.5,24.0,4648,73.7,15.4,10.3,0.6,8.5
21221,Kentucky,Trigg,14250,6980,7270,1.6,88.3,8.8,0.0,0.5,0.0,11032,44083.0,4643.0,26001,2437,17.8,32.3,34.1,12.8,23.8,8.2,21.1,82.8,10.0,0.0,3.9,0.7,2.6,26.5,5584,74.1,18.7,6.8,0.4,8.4
21223,Kentucky,Trimble,8783,4363,4420,3.0,96.4,0.0,0.0,0.0,0.0,6655,47409.0,3974.0,23465,2084,17.4,22.3,23.8,16.0,19.0,18.8,22.3,86.3,10.1,0.0,0.3,1.1,2.3,29.6,3598,83.1,11.1,5.9,0.0,14.6
21225,Kentucky,Union,15138,7800,7338,1.8,83.0,12.9,0.1,0.2,0.0,11849,40120.0,3015.0,20164,1017,27.7,32.4,24.3,16.9,20.1,19.5,19.3,80.8,7.5,0.9,8.9,0.8,1.1,19.8,6085,71.2,22.6,6.0,0.2,7.8
21227,Kentucky,Warren,118950,57981,60969,4.9,80.6,9.4,0.3,3.0,0.2,86318,44911.0,1525.0,23823,835,18.8,25.0,32.2,18.0,24.9,7.5,17.4,81.0,11.5,0.5,3.2,1.3,2.6,19.5,56780,78.6,16.3,4.9,0.2,7.9
21229,Kentucky,Washington,11910,5849,6061,3.7,88.3,5.9,0.1,0.2,0.0,8976,40976.0,5053.0,19793,945,17.6,20.5,25.1,14.9,21.5,13.3,25.2,82.0,11.1,1.3,3.1,0.9,1.5,26.1,5468,76.7,13.7,9.4,0.2,6.1
21231,Kentucky,Wayne,20655,10244,10411,2.9,93.9,2.1,0.0,0.0,0.1,16023,28573.0,2414.0,15475,946,27.0,37.0,23.3,18.9,19.4,13.7,24.8,80.3,11.6,0.7,2.6,0.6,4.3,21.9,6681,75.6,18.3,5.9,0.1,12.6
21233,Kentucky,Webster,13357,6664,6693,4.6,89.2,4.4,0.2,0.0,0.0,10038,38917.0,2794.0,19891,1090,17.6,27.4,26.2,15.4,17.6,18.4,22.5,82.4,11.2,0.1,3.4,1.0,1.9,25.0,5186,79.8,12.3,7.5,0.4,7.2
21235,Kentucky,Whitley,35794,17493,18301,1.0,96.1,0.9,0.2,0.4,0.0,26994,31014.0,2554.0,16748,921,26.0,35.8,27.6,17.8,28.8,9.2,16.6,81.8,10.7,0.7,4.0,1.0,1.9,20.3,12406,74.3,21.3,4.3,0.1,10.2
21237,Kentucky,Wolfe,7261,3556,3705,0.5,98.3,0.4,0.3,0.0,0.0,5533,20504.0,2614.0,13901,1426,43.0,59.0,22.0,29.5,22.1,13.1,13.3,79.8,14.1,0.0,1.1,0.0,5.1,32.5,1967,65.6,30.8,3.7,0.0,9.7
21239,Kentucky,Woodford,25317,12254,13063,6.6,86.3,4.7,0.0,0.2,0.0,18625,58750.0,3915.0,30490,1941,13.1,21.5,38.0,15.0,22.4,12.7,11.9,81.6,9.9,0.2,2.6,0.9,4.7,22.8,12748,77.6,15.0,7.3,0.1,4.8
